{"close": 74.7300033569336, "rsi": 61.709606914526226, "macd": 0.3836720566584688, "macd_signal": 0.32605818000413067, "bb_lower": 72.49189143566716, "bb_upper": 75.35060886950862, "signal": "HOLD"}